aṁkvār,aṅkapāli
aṁkhuā,akṣa
aṅgār,aṅgāra
aṅgārā,aṅgāra
aṁgīṭhā,agniṣṭha
aṁgīṭhī,agniṣṭha
aṅgul,aṅgula
aṁgulī,aṅguli
aṁgūṭhā,aṅguṣṭha
aṁgūr,aṅkūra
aṁgochā,aṅgoñcha
añanī,āñjaniya
añal,añjali
añălī,añjali
añul,añjali
aṁṭhaī,aṣṭapāda
aṇḍ,āmaṇḍa
aṇḍā,aṇḍa
aṁtrā,antara
andhā,andha
aṁdhiyār,andhakāra
aṁdhiyārī,andhakāra
amb,āmra
aūt,aputra
akan-,ākarṇayati
akol,aṅkolla
akhāṛā,akṣavāṭa
agtī,agasti
agar,agaru
agʾhan,agrahāyaṇa
agiyārī,agnikārya
aguā,agregū
aghānā,āghrāpayati
aghānā,āghrāṇa
acrā,añcala
acav-,ācāmati
acvan,ācamaṇa
acānā,ācāmati
acaun,ācamana
acchā,accha
ach-,ākṣeti
a-chūt,acchupta
a-chūtā,acchupta
ajvāyn,yavānī
aṭā,aṭṭa
aṭārī,aṭṭālikā
aṭāl,aṭṭāla
aṭālā,aṭṭāla
aṭṭā,aṭṭa
aṭṭhā,aṣṭaka
aṭṭhāīs,aṣṭāviṁśati
aṭṭhānve,aṣṭānavati
aṭṭhāvan,aṣṭāpañcāśat
aṭṭhāsī,aṣṭāśīti
aṭhhattar,aṣṭāsaptati
aṛtālīs,aṣṭācatvāriṁśat
aṛtīs,aṣṭātriṁśat
aṛsaṭh,aṣṭāśaṣṭi
aṛūsā,aṭarūśaka
aṛhāī,ardhatr̥tīya
ati-bel,ati
athamnā,astamayana
athāī,āsthāyikā
a-thāh,asthāgha
addhā,arddha
adh-,arddha
adhiyā,ardhika
an-,an
anaṭ,anartha
anat,anyatra
anāj,annādya
anāṛī,ajñānin
anī,anīka
anuvā,anūpa
anokhā,anapekṣa
a-pān,a
a-pūṭhau,aspr̥ṣṭa
a-bār,a
a-bīj,a
a-bhev,a
amcūr,āmra
amṛā,āmrātaka
amāvaṭ,āmrāvarta
amāvas,amāvāsyā
amiyă,amr̥ta
amī,amr̥ta
amoṭ,āmrāvarta
ammā,ambā
ayān,ajānant
ayānā,ajānant
araṇḍ,eraṇḍa
araṛānā,āraṭati
arnā,araṇa
arnī,araṇa
arrānā,āraṭati
arvī,ālukī
aras-paras,sparśa
arhaṭ,araghaṭṭa
aru,apara
are,are
a-lakh,alakṣya
a-lag,alagna
algā,alagna
altā,alakta
alān,ālāna
alāp,ālāpya
alāv,alāta
alī,alin
a-lok,alokya
alonā,alavaṇa
avalī,āvalī
avāī,apavāda
asāit,a
asāṛh,āśāḍha
asāṛhī,āśāḍhīya
a-sār,asāra
assī,aśīti
ahaṃ,aham
ahamiti,ahaṃmati
ahīṭā,adhiṣṭhāyaka
ahīr,ābhīra
aheṛ,ākheṭa
aheran,adhikaraṇī
āṁkṛā,aṅka
āṁknā,aṅkayati
āṁkh,akṣi
āṁkh,akṣa
āṁgan,aṅgana
āṁgā,aṅga
āṁgul,angula
āṁc,arcis
āṁcal,añcala
āṁcū,ākṣika-; ācchuka
āṁjnā,añjati
āṁṭ,āvr̥tti
āṁṭhī,aṣṭi
āṁḍ,āmaṇḍa
āṁṛ,āṇḍa
āṁt,āntra
āṁdū,andū̆ka
āṁdhī,andhikā
āṁb,āmra
āṁbī,an
āṁv,āma
āṁvan,āmocana
āṁvlā,āmalaka
āṁvā,āpāka
āṁsū,aśru
āu,āyuś
āk,arka
āklā,ākula
āklī,ākula
ākhat,akṣata
āg,agni
āgā,agra
āge,agre
āch-,ākṣeti
āj,adya
ājā,āryaka
ājī,āryikā
āṭh,aṣṭā
āḍ,āḍi
āṛī,āti
āṛhā,āḍhaka
ādā,ārdraka
ādī,ārdraka
ādhā,ardha
ān,āṇi
ān,ājñā
ān,anya
ān,āpayati
ān-,ānayati
ānā,āpayati; āgata
ānā-,-ā̆payati
āp,ātman
āpā,ātman
ām,āmra
āyat,ātapta
āyas,ādeśa
ār,ārā
ārătī,ārātrika
ār-pār,āra
ārsī,ādarśa
ārā,āra
ā-roh-,ārohati
ālas,ālasya
ālā,ālaya
ālī,ālī̆
ālū,āluka
āloṛnā,āloḍayati
āv-,āpayati
āvan,āpana
āvāh-,āvāhayati
ās,āśā
āhar,ādhāra
āhlānā,āhlādayati
indur,undura
ikaṭṭhā,ekastha
iktālīs,ekacatvāriṁśat
ikattīs,ekatriṁśat
iksaṭh,ekaṣaṣṭi
ikʾhattar,ekasaptati
ikaunā,ekavarṇa
ikkīs,ekaviṁśati
ikyānve,ekanavati
ikyāvan,ekapañcāśat
ikyāsī,ekāśīti
-in,-inī
imlī,āmla
is,eṣa
īṁgur,hiṅgula
īṁṭ,iṣṭ(ak)ā
īndur,indūra
īkh,ikṣu
īṭh,iṣṭa
īṭhi,iṣṭi
īṭhī,r̥ṣṭi
uṁglī,aṅguli
ur̥ṇ,udr̥ṇin
ukṛūṁ,utkuṭaka
ukasnā,utkasati
ugnā,udgāti
ugāhnā,udgrāhayati
ugāhī,udgrāhita
ughāṛnā,udghāṭayati
ucaṛnā,uccaṭati
ucar-,uccarati
ucār,uccāra
ucārnā,uccārayati
uc-car-,uccarati
uchaṅg,utsaṅga
uchāh,utsāha
ujlā,ujjvala
uṛnā,uḍḍayate
uṛānā,uḍḍāpayati
utarnā,uttarati
utān,uttāna
utār,uttāra
utāran,uttāraṇa
utārnā,uttārayati
uttarāhā,uttarāpatha
udhār,uddhāra
udhār-,uddhārayati
uncās,ūnapañcāśat
untālīs,ūnacatvāriṁśat
untīs,ūnatriṁśat
unsaṭh,ūnaṣaṣṭi
unhattar,ūnasaptati
unāh,uṣṇa
unīṁdā,unnidra
unnīs,ūnaviṁśati
unhār,anuhāra
upajnā,utpadyate
upā-,utpādayati
upāṛnā,utpāṭayati
ubṭan,udvartana
ubaṭnā,udvartayati
ubnā,udvapati
ubānā,udvāpayati
ubharnā,udbharati
umas,ū̆ṣman
umah-,unmathayati
umeṭhan,udveṣṭana
umeṭhnā,udveṣṭate
uram-,avalambate
urmā-,avalambayati
urlā,apāra
ulaṁg-,ullaṅghayati
ulaṅghnā,ullaṅghayati
ulacnā,udricyate
ulajhnā,uparudhyate
ulāhnā,*upālābhayati
ulīcnā,udricyate
ullū,ulūka
usarnā,utsarati
usārnā,avasārayati
ūṁc,ucca
ūṁcā,ucca
ūṁchnā,uñchati
ūṁṭ,uṣṭra
ūk-,utkramati
ūkh,ikṣu
ūt,aputra
ūd,udra
ūdes,uddeśa
ūdham,uddhama
ūn,ūrṇā
ūn,ūnaka
ūbaṭ,udvartman
ūbnā,udvijate
ūbh,ūrdhva
ūmărī,udumbara
ūmī,umbī
ūsar,ūṣara
ek,eka
ekṛā,eka
ekā,aikya
eluā,eluka
evaṛ,avikaṭa
aiṁṭhan,āveṣṭana
aiṁṭhnā,āveṣṭyate
aiṁṛnā,āveṣṭate
aisā,īdr̥śaka
oṁṭh,oṣṭha
oṁdh,avabandha
ojh,ūbadhya
ojhṛī,ubadhya
ojhar,ubadhya
ojhā,upādhyāya
ot,avāpti
obrī,apavaraka
or,avarā
ol,olla
ol,olla
olaṭ,oṭal
olā,upalaka
olī,avacūḍa
os,avaśyā
osrā,avasara
auṁdhā,avamūrdha
au,aparam
aukal,kalya
aukāl,kalya
auṭnā,āvartayati
aur,apara
aulū,apūrva
ausān,avasāna
kaṅgan,kaṅkaṇa
kaṇṭhā,kaṇṭhaka
kaṇḍī,karaṇḍa
kandā,kanda
kandhā,skandha
kaṁpnā,kampate
kampā,kampa
kambal,kambala
kaī,katipaya
kakṛī,karkaṭikā
kaknā,kaṇkaṇa
kakoṛā,karkoṭaka
kacnār,kāñcanāra
kacrā,kaccara
kacrī,karcūra
kacchā,kakṣyā
kachvārā,kaccha
kachuā,kacchapa
kachuā,kakṣa
kaṭnī,kartana
kaṭārā,kaṇṭakāra
kaṭaiyā,kaṇṭakita
kaṛ,karaṭa
kaṛvā,kaṭu
kaṛvā,kaṭu
kaṛā,kaṭa
kaṛā,kaṭa
kaṛārā,kaḍāra
kaṛāhā,kaṭāha
kaṛī,kaṭa
kaṛī,kaṭa
kaṛhī,kvathita
katārā,kāntāraka
kan,kaṇa
kan-,karṇa
kankī,kaṇika
kanhār,karṇadhāra
kanhārā,karṇadhāra
kanā,kanyā
kaniko,kaṇika
kanī,kaṇikā
kane,karṇa
kaner,karavīra
kanautī,karṇapattraka
kannā,karṇaka
kannī,karṇikā
kapṛā,karpaṭa
kapās,karpāsa
kapūr,kapūra
kabrā,karbara
kamaṇḍal,kamaṇḍalu
kamlī,kambalikā
kamār,karmāra
kamerā,karmakara
kamelā,kāmpīla
karañā,karãnja
karañā,karañja
kar,kara
karkarā,karkaṭa
karkarānā,kaṭakaṭa
kargatā,kaṭi
karnī,karaṇīya
karbī,kaḍamba
karvaṭ,karapattra
karvar,kali
karvār,karapāla
karvārā,karapāla
karvāl,karapāla
karah,karabha
karhā,karabha
karāṁkul,kalāṅkura
karāī,kalāya
karāl,kaḍāra
karil,karira
karīr,karīra
karīr,karīra
karelā,kāravella
karauṁdā,karamarda
karaut,karapattra
kal,kalya
kal,kalā
kal,kalya
kal,kali
kal,kali
kalam,kaḍamba
kalmī,kaḍambī
kalvār,kalyapāla
kalsā,kalaśa
kalsī,kalása
kalhārī,kalahakāra
kalāī,kalācī
kalāī,kalāya
kalānā,kalayati
kaliṅdā,kālindaka
kalī,kalikā
kalejā,kāleyaka
kales,kleśa
kalol,kallola
kallā,karī̆ra
kas,kaṣa
kasnā,karṣati
kasnā,kaṣati
kasī,karṣaka
kasīs,kāsīsa
kaserā,kāṁsyakāra
kaserū,kaśeruka
kasauṁdā,kāsamarda
kasau,kīdṛśa
kassan,-ss
kahaṁ,kakṣam
kahan,kathana
kahnā,kathayati
kahāno,kathānaka
kahuṁ,kakṣam
kāṁkṛī,karkara
kāṁkh,kakṣā
kāṁkhnā,kāṅkṣati
kāṁgnī,kaṅgunī
kāṁjī,kāñjika
kāṁṭā,kaṇṭaka
kāṁṭhā,kaṅṭha
kāṁṛ-,kaṇḍayati
kāṁṛī,kāṇḍa
kāṁdā,kanda
kāṁdu,kandu
kāṁdo,kardama
kāṁdh-,skandhayati
kāṁpnā,kampate
kāṁs,kāśa
kāṁsā,kāṁsyaka
kākṛā,kakkaṭa
kākṛāsiṅgī,karkaṭaśr̥ṅgikā
kākh,kakṣa
kāg,kāka
kāgā,kāka
kāch,kakṣyā
kāj,kārya
kājal,kajjala
kāṭnā,kartati
kāṭh,kāṣṭha
kāṭhī,kāṣṭhikā
kātī,karttrī
kād,karda
kādā,karda
kādo,kardama
kān,karṇa
kānā,kāṇa
kānā,karṇaka
kānī,kanya
kānh,kr̥ṣṇa
kāphal,kaṭphala
kābar,karbara
kām,karman
kāmī,karmika
kāyphal,kaṭphala
kāyar,kātara
kāl,kāla
kālviṭ,kālapr̥ṣṭha
kālā,kāla
kāliyā,kālaka
kālī,kālī̆ya
kās,kāśa
kiṭkiṭānā,kiṭakiṭāyate
kiṛkiṛānā,kiṭakiṭāyate
kin,kiṇa
kim,kim
kiyā,kr̥ta
kirkiṭī,kiri
kirkirānā,kiṭakiṭāyate
kirnā,kirati
kiryāt,kirātatikta
kirvān,kr̥pāṇa
kilasnā,kliśyate
killā,karī̆ra
killānā,kilakilāyati
kivāṛ,kavāṭa
kivāṛī,kapāṭikā
kisān,kr̥ṣāṇa
kīṭ,kiṭṭa
kīṛā,kīṭa
kīnnā,krīṇāti
kīl,kīla
kīlnā,kīlati
kīlā,kīlaka
kuṁjī,kuñcikā
kumbī,kuṭumbin
kuṁvār,kumāra
kuṁvārā,kumāra
ku-,ku
kuāṁ,kūpa
kuīṁ,kumudikā
kukroṁdā,kukkuramardaka
kukurmuttā,kukkura
kuṭ,kuṣṭha
kuṭnā,kuṭṭanī
kuṭnī,kuṭṭanī
kuṭhiyār,koṣṭhāgāra
kuṛmā,kuṭumba
kuṛī,kuṭī
kudāl,kuddāla
kudālī,kuddāla
kunbā,kuṭumba
kup,kūpya
kumhṛā,kuṣmāṇḍa
kumhār,kumbhakāra
kumhārī,kumbhakārikā
kuraṇḍ,kuruvinda
kurav,kuraba
kuriyā,kulikā
kuruvill,kuruvinda
kurm-mor,mayūra
kurmī,kuṭumbin
kul,kula
kulhāṛā,kuṭhāra
kulhāṛī,kuṭhāra
kusum,kusumbha
kuhnī,kaphoṇī
kūṁcā,kūrca
kūṁṛā,kuṇḍaka
kūṁṛī,kuṇḍikā
kūṁthnā,kunthati
kūkṛī,kurkura
kūkar,kurkura
kūcī,kūrca
kūṭnā,kuṭṭayati
kūṛā,kūṭa
kūdnā,kūrdati
kūmhal,kumbhila
kūr,krūra
kūl,kūla
kūlā,kulyā
kekṛā,karkaṭa
kelā,kadala
kevaṭ,kevarta
kevṛā,ketaka
kevāṁc,kapikacchū
kevāṁch,kapikacchū
kesar,kesara
kesărī,kesarin
kehărī,kesarin
kai,kati
kaith,kapittha
kairu,kavala
kaisā,kīdr̥śa
koṁt,kunta
koṁpal,kuṭmala
ko,kakṣam
koī,kaścid
koī,kaumudika
kokh,kaukṣa
kokhā,kaukṣa
koṭvāl,koṭṭapāla
koṭhā,koṣṭhaka
koṭhār,koṣṭhāgāra
koṭhārī,koṣṭhāgārika
koṭhī,koṣṭha
koṛnā,koṭayate
koṛh,kuṣṭha
kodoṁ,kodrava
konā,koṇa
koyl,kokila
koylā,kokila
kor,koṭi
kor,kora
kor-,koṭayate
kol,kroḍa
kol,kola
kol-,koṭayate
kolā,kroḍa
kolā,kroṣṭra
kolī,kolika
kos,krośa
kosnā,krośati
kosā,kauśa
kosā,kośa
koh,krodha
koh,kūpa
kauṁlā,kamala
kauṛī,kapardikā
kaun,kaḥ punar
kaur,kavala
kauvā,kāka
kyārī,kedārikā
kyoṁ,kim
kvāṁrā,kumāra
kvāṁrī,kumārikā
kvār,kumāra
khaṇḍā,khaṇḍa
khambhā,skambha
khajūr,kharjūra
khajūrā,kharjūra
khajūrā,kharjūraka
khajūrī,kharjūraka
khaṭnā,khaṭṭayati
khaṭās,khaṭṭāśa
khaṭṭā,khaṭṭa
khaṛ,khaṭa
khaṛkhaṛānā,khaṭakhaṭāyate
khaṛā,khaḍaka
khaṛiyā,khaṭikā
khaṛuvā,khaḍū
khattā,khātra
khatrānī,kṣatriyāṇī
khatrī,kṣatriya
khan,kṣaṇa
khankhanānā,khaṇakhaṇāyate
khantā,khanitraka
khantī,khanitra
khannā,khanati
khanī,khani
khapnā,kṣapyate
khappar,kharpara
khabbā,kharva
khar,khara
khar,khaṭa
kharsān,khara
kharā,khara
khal,khala
khal,khala
khalkhalānā,khalakhalāyate
khalnā,khalati
khaliyān,khaledhānī
khalī,khala
khallā,khalla
khasrā,khasa
khāṁg,khaḍga
khāṁṛ,khaṇḍu
khāṁṛ-,khaṇḍate
khāṁsī,kāsikā
khāī,khātikā
khāū,khāduka
khāj,kharju
khājā,khādya
khāṭ,khaṭvā
khāt,khātra
khātā,kṣatra
khātī,kṣattr̥
khād,khātikā
khān,khāni
khānvāṁ,khāni
khānā,khādati
khām,skambha
khār,kṣāra
khārā,kṣāra
khāl,khalla
khāl,khalla
khiṛkī,khaḍakkikā
khiyānā,kṣīyate
khirnī,kṣīriṇī
khirisā,kṣīraśāka
khījnā,kṣīyate
khīr,kṣīra
khīl,khīla
khuṁdalnā,kṣundati
khujlī,kharju
khujānā,kharju
khuddī,kṣudra
khur,khura
khurpā,kṣurapra
khūd,kṣudra
kheṛā,kheṭa
khet,kṣetra
khetī,kṣetriya
khenā,kṣepayati
khep,kṣepya
khevaṭ,kevarta
khevā,kṣepaka
khevā,kṣepa
khai,kṣati
khair,khadira
khairā,khadiraka
khoā,kṣoda
khoī,kṣapita
khoḍar,koṭara
khonā,kṣapayati
khorā,khora
gaṅg,gaṅgā
gaṇḍā,gaṇḍaka
gaṇḍī,gaṇḍikā
gagrā,gargara
gagrī,gargara
gajrā,gārjara
gajjhā,grāhya
gaṭṭhā,grathna
gaṭṭhī,grathna
gaṛh,gaḍha
gat,gati
gattā,gātraka
gadhā,gardabha
gadhī,gardabha
gannā,gaṇḍa
gabrū,garbharūpa
gabbhā,garbha
gayand,gajendra
gayā,gata
garal,garala
garuā,guru
galnā,galati
galā,gala
gavan,gamana
gah,graha
gahan,grahaṇa
gahnā,grahaṇa
gahrā,gabhīra
gāṁjā,gañjā
gāṁṭh,granthi
gāṁṭhnā,granthayate
gāṁṛ,gaṇḍa
gāṁṛū,gaṇḍa
gāṁdhī,gāndhika
gāṁv,grāma
gāgar,gargara
gāj,garjā
gājnā,garjati
gājar,gārjara
gāḍar,gaḍḍara
gāṛhā,gāḍha
gāt,gātra
gān,gāna
gānā,gāpayati
gāb,garbha
gābh,garbha
gābhin,garbhiṇī
gām,grāma
-gāmī,gāmin
gāy,gāvī
gārnā,gālayati
gāruṛ,gāruḍa
gāruṛī,gāruḍika
gāl,galla
gālī,gāli
gāh,grāha
gāhnā,gāhate
gāhnā,grāhayati
gāhā,gāthā
gāhī,grāha
giddh,gr̥dhra
ginnā,gaṇayati
gilnā,gilati
giloy,guḍūcī
guñ,guñja
guggul,gulgulu
gucchā,guccha
gujjhā,guhya
guṛ,guḍa
guṇā,guṇaka
gudā,guda
gunnā,guṇayati
gunā,guṇaka
gubhnā,cubhyate
guriyā,guḍikā
gulgulī,guḍa
gullā,guḍa
guh,gūtha
guh-,guphati
gūṁj,guñja
gūṁjnā,guñjati
gūṁthnā,guphati
gūṁdhnā,guphati
gū,gūtha
gūgal,gulgulu
gūjar,gurjara
geṁḍuā,geṇḍuka
geṇḍuā,gaṇḍūpada
geṁd,genduka
geṁdā,genduka
gainā,grahaṇa
goṁḍ,goṇḍa
goṁd,gundra
goṁdī,gundra
go,go
goiṁṭhā,goviṣṭhā
gokhrū,gokṣura
got,gotra
gotā,gotra
gotī,gotrin
gon,goṇī
gopī,gopikā
gobar,gorvara
gobhī,gojihvikā
gorkhā,gorakṣa
gorā,gaura
gorū,gorūpa
gol,gola
gol,gola
golā,gola
golī,golikā
gov-,gopayati
govā,gomaya
gosāīṁ,gosvāmin
goh,godhā
gohūṁ,godhūma
gauṁ,gama
gaukh,gavākṣa
gauṛī,gauḍa
gaun,gamana
gaunā,gamana
gaur,gaurī
gvār,gopālī
gvālā,gopāla
ghaṇṭā,ghaṇṭā
ghaṇṭī,ghaṇṭā
ghaṛā,ghaṭa
ghaṛī,ghaṭikā
ghaṛī,ghaṭita
ghan,ghana
ghanā,ghana
ghar,ghara
ghāghrā,ghargharī
ghāṭ,ghaṭṭa
ghām,gharma
ghāv,ghāta
ghās,ghāsa
ghin,ghr̥ṇā
ghisnā,ghr̥ṣyate
ghī,ghr̥ta
ghīkuvāṁr,ghr̥ta
ghun,ghuṇa
ghurghurānā,ghuraghurāyate
ghevar,ghr̥tapūra
ghoṁghā,ghoṅgha
ghoṛā,ghoṭaka
ghoṛī,ghoṭa
gholnā,gholayati
caṅgā,caṅga
caṁdvā,candrodaya
candā,candra
campā,campaka
caṁvar,camara
cakaī,cakravāka
cakḍor,cakra
cakvaṁṛ,cakramarda
cakvā,cakravāka
cakkā,cakra
cakkī,cakra
cacīṁṛā,ciciṇḍa
canā,caṇa
camār,carmakāra
camoṭā,carmapaṭṭa
carnā,carati
carnā,caraṇa
cal,cara
calnā,calati
cavālīs,catuścatvāriṁśat
cāṁcari,carcarī
cāṁṛ,caṇḍa
cāṁd,candra
cāṁd,candra
cāṁdī,candrikā
cāk,cakra
cākh,cakṣus
cācari,carcarī
cāpaṛ,carpaṭa
cābnā,carvati
cābhnā,carvati
cām,carman
cār,cāra
cārā,cāra
cāl,cāla
cālnā,cālayati
cālīs,catvāriṁśat
cāhā,cāṣa
ciknā,cikkaṇa
cikārā,chikkāra
cikārā,cītkāra
ciṛvā,cipiṭa
citkabrā,citra
citlā,citrala
citerā,citrakara
citt,citta
cittarsārī,citraśālikā
cittī,citra
cinnā,cinoti
ciniyā,cūrṇita
cirātan,cirantana
civānā,citādhāna
cihānā,citādhāna
cīṛ,cīḍā
cītnā,citrayati
cītal,citrala
cītā,citraka
cītā,citta
cīn,cīna
cīnā,cīnaka
cīnā,cīnaka
cīnhnā,cihnayati
cīr,cīra
cīrā,cīra
cīrā,cīra
cīl,cillā
cīlaṛ,cillaḍa
cīlh,cillā
cundhā,culla
cumbā,cumbā̆
cunnā,cinoti
cummā,cumbā̆
curī,cūḍa
cullū,culu
cūṁṭ-,cuṇṭati
cūk,cukra
cūkā,cukra
cūṛā,cūḍa
cūṛā,cūḍa
cūṛāl,cūḍāla
cūṛī,cūḍa
cūn,cūrṇa
cūnā,cūrṇa
cūnī,cūrṇa
cūmnā,cumbati
cūmani,cumbana
cūmā,cumbā̆
cūl,cūḍa
cūl,cūḍa
cūlhā,cullī
cūsnā,cūṣati
cerā,ceṭa
cerī,ceṭa
cait,caitra
cokhā,cokṣa
coj,codya
cor,cora
corī,caurikā
colā,coḍa
cauṁtīs,catustriṁśat
cauṁrī,camara
cauṁsaṭh,catuḥṣaṣṭi
cau-,catur
cauk,catuṣḳa
caukannā,catuṣkarṇa
caukā,catuṣka
caukī,catuṣka
cauth,caturtha
cauthā,caturtha
caudah,caturdaśa
caupaī,catuṣpadikā
caupaṛ,catuṣpuṭa
caubīs,caturviṁśati
caube,caturveda
cauraṅg,caturaṅga
cauras,caturaśra
caurā,catura
caurānve,caturnavati
caurāsī,caturaśīti
caurāsī,caturaśra
cauvan,catuṣpañcāśat
cauhattar,catuḥsaptati
chaṅgā,ṣaḍaṅga
chakkā,ṣaṭka
chachūṁdar,chucchundari
chajjā,chādya
chaṭh,ṣaṣṭhī
chaṭhā,ṣaṣṭha
chatāṁ,ākṣeti
chattar,chattvara
chattā,chattra
chattīs,ṣattriṁśat
chatrā,chattvara
chaprā,chattvara
chappan,ṣaṭpañcāśat
chappay,ṣaṭpada
chappar,chattvara
chabbīs,ṣadviṁśati
chal,chala
chalnā,chalayati
chalnī,cālana
chāṁh,chāyā
chāīṁ,chāyā
chāī,chādi
chāṛnā,chardati
chāt,chattra
chātā,chattra
chānā,chādayati
chār,kṣāra
chāl,challi
chālā,challi
chāvan,chādana
chāvnī,chādana
chiyānve,ṣaṇṇavati
chiyālīs,ṣaṭcatvāriṁśat
chiyāsaṭh,ṣaṭṣaṣṭi
chiyāsī,ṣaḍaśīti
chihattar,ṣaṭsaptati
chīṁk,chikkā
chī-,chupati
chījnā,chidyate
chīdā,chidra
churā,kṣura
churī,kṣurikā
chūch,tucchya
chūchā,tucchya
chūnā,chupati
ched,chidra
chenī,chedana
cher,chagala
cherī,chagalikā
chev,cheda
chevā,cheda
chailā,chavilla
choṛnā,kṣoṭayati
chor-,chorayati
jaṅgal,jaṅgala
jandrā,yantra
jaṁbhānā,jr̥mbhate
jaṭherā,jyeṣṭhatara
jaṛ,jaṭā
jaṛ,jaḍa
jaṛul,jaṭula
jan,jana
jannā,janayati
janā,jana
jani,yathā na
janī,jani
janeū,yajñopavīta
janet,janyayātrā
jamnā,yamyate
jamāī,jāmātr̥
jay,jaya
jar,jvara
jarnā,jvarati
jal,jala
jalandhar,jalaṁ
jalnā,jvalati
jalhar,jaladhara
javāṁ,yamaka
javā,yavaka
javārā,yavākāra
javāsā,yavāsaka
jasovai,yaśomatī
jāṁgh,jaṅghā
jāṁc,yācnā
jāṁcnā,yācyate
jāṁt,yantra
jāṁtā,yantraka
jāṁb,jamba
jākh,yakṣa
jākhinī,yakṣiṇī
jāgnā,jāgrati
jāgā,jāgrat
jāṭh,yaṣṭi
jāṛā,jāḍya
jān,jñāna
jānnā,jānāti
jānā,yāti
jāp,jalpa
jāpā,jātatva
jām,janman
jām-,yamyate
jāyzā,jāʾiza
jāyphal,jātiphala
jāyā,jāta
jār,jāra
jārnā,jvālayati
jāl,jāla
jālnā,jvālayati
jālā,jālaka
jāliyā,jālika
jālī,jālikā
jāvitrī,jātipattrī
jāhī,jātī
jī,jīva
ji,jīva
jīnā,jīvati
jībh,jihvā
jīrā,jīraka
jīh,jihvā
juāṁ,yūka
juā,yuga
jua,dyūta
junhrī,yavanāla
junhār,yavanāla
juvār,yugadhāra
juvārā,yugadhāra
jūṁ,yūkā
jūjhnā,yudhyate
jūṭhā,juṣṭa
jūṛā,jūṭa
jūt,yukta
jūtā,yuktaka
jūn,jūrṇa
jūn,yoni
jūnā,yūna
jūlā,yugala
jūs,yūṣa
jūhī,yūthikā
jeṁvan,jemana
jeṁvnā,jemati
jeṭh,jyeṣṭha
jeṭh,jyaiṣṭha
jeṭhā,jyeṣṭha
jer,jarayu
jaisā,yādr̥śa
jo,ya
jo,yataḥ
joī,yuvati
jokhim,yogakṣema
jot,yoktra
jotnā,yoktrayati
jotī,yoktra
joban,yauvana
jolī,yugala
joṣī,jyautiṣika
jau,yava
jvār,yavākāra
jhaṁkār,jhaṅkāra
jhajjhar,jharjhara
jhaṛ-,jhāṭa
jhankār,jhanaṭkāra
jhanjhanānā,jhaṇajhaṇāyate
jharnā,jharaṇa
jhal,jhalā
jhāṁī,jhāmaka
jhāṁvāṁ,jhāmaka
jhāū,jhāvu
jhājhar,jharjhara
jhāṛ,jhāṭa
jhāṛā,jhāṭa
jhāṛī,jhāṭa
jhālar,jhallarī
jhālar,jhallarī
jhālrī,jhallarī
jhauvā,jhāvu
ṭaṁknā,ṭaṅkati
ṭaṅkā,ṭaṅka
ṭaṅkār,ṭaṅkāra
ṭaksāl,ṭaṅkaśālā
ṭakā,ṭaṅka
ṭakuā,tarku
ṭakkar,ṭakkarā
ṭaṭihrī,ṭiṭṭibha
ṭar-,ṭarati
ṭalnā,ṭalati
ṭāṁknā,ṭaṅkati
ṭāṁkī,ṭaṅka
ṭāṁg,ṭaṅga
ṭāṁṛ,tandra
ṭāṁṛo,tandra
ṭālnā,ṭālayati
ṭiṇḍā,tinduka
ṭiṭihrī,ṭiṭṭibha
ṭiṭihā,ṭiṭṭibha
ṭūṭnā,truṭyati
ṭoṛī,troṭaka
ṭhaṇḍh,stabdha
ṭhaṇḍhā,stabdha
ṭhak,ṭhakk
ṭhaḍḍā,stabdha
ṭhāṁv,sthāman
ṭhā-,sthāpayati
ṭhākur,ṭhakkura
ṭhāṛhā,stabdha
ṭhiyā,stibhi
ṭhir,sthira
ṭheṭh,stheṣṭha
ṭhaur,sthāvara
ḍaṇḍ,daṇḍa
ḍaṁḍnā,daṇḍayati
ḍaṇḍā,daṇḍaḳa
ḍar,dara
ḍarnā,darati
ḍasnā,daṁśati
ḍāṁgar,ḍaṅgara
ḍāṁṛ,daṇḍa
ḍāṁṛ-,daṇḍayati
ḍāṁṛā,daṇḍaka
ḍāṁṛī,daṇḍika
ḍāṁṛī,daṇḍa
ḍāṁs,daṁśa
ḍāin,ḍākinī
ḍāṛhā,dagdha
ḍābh,darbha
ḍāl,ḍāla
ḍāh,dāha
ḍāhnā,dāhayati
ḍīṭh,dr̥ṣṭi
ḍain,ḍayana
ḍainā,ḍayana
ḍoṁb,ḍomba
ḍonī,droṇa
ḍom,ḍomba
ḍomnī,ḍombinī
ḍor,davara
ḍorā,davara
ḍol,dola
ḍolnā,dolāyate
ḍolā,dola
ḍauṁṛī,ḍiṇḍima
ḍhāī,ardhatr̥tīya
ḍhāk,dhakṣu
ḍhīṭh,dhr̥ṣṭa
ḍhonā,ḍhaukayati
ḍhol,ḍhola
tant,tanti
taṁbiyā,tāmrika
taī,tapaka
tak,tāvatka
tak,tarka
takhan,tatkṣaṇa
takhān,takṣan
taṛ,traṭ
tattā,tapta
tan,tanū
tan,-tanaḥ
tanī,tanikā
tap,tapas
tarnā,tarati
tarvar,taravaṭa
tarāin,tārāgaṇa
tal,tala
talvār,taravāri
talā,tala
talāī,taḍāga
talāv,taḍāga
tallā,tala
tāṁt,tanti
tāṁtā,tantu
tāṁtī,tantrika
tāṁbā,tāmra
tāṁsnā,trāsayati
tāū,tātagu
tāerā,tātatara
tāknā,tarkayati
tājan,tarjana
tāṛnā,tāḍayati
tāṛnā,tāḍayati
tāṛī,tāḍa
tātā,tapta
tānnā,tānayati
tānnā,tānyate
tānā,tāna
tānā,tāpayati
tānī,tāna
tāpnā,tapyati
tām,tāmra
tār,tāra
tārnā,tārayati
tārā,tāraka
tāl,tāḍa
tāl,talla
tāl,uttāla
tālā,tāḍa
tālī,tāḍa
tālū,tāluka
tāv,tāpa
tāv-,tāpayati
tintiṛī,tintiḍī
ti-,tri
tikhūṁṭ,tri
tikhūṁṭā,tri
tijʾhar,tritīya
tin,tr̥ṇa
tibārā,tri
tibārā,tri
tiy,strī
tiyā,strī
tirchā,tiraśca
tirnā,tirate
tirpan,trayaḥpañcāśat
tirsaṭh,trayaḥśaṣṭi
tirānve,trayonavati
tirāsī,tryaśīti
tilaṅgā,tailaṅga
tilaṅgī,tailaṅga
tilaṅgī,tailaṅga
til,tila
tilaṛā,tri
tivārī,tripāṭhin
tis,ta
tihattar,trayaḥsaptati
tīkhā,tīkṣṇa
tīj,tr̥tīyā
tījā,tr̥tīya
tīt,tikta
tītar,tittira
tītā,tikta
tīn,trīṇi
tīyā,trika
tīr,tīra
tīs,triṁśat
tumbā,tumbaka
tujh-,tubhya
tun,tuṇi
tum,tuvam
turant,turant
tur,tura
tur,turī
turat,turant
turā,tura
turia,turaga
turī,turagī
turai,turaga
tul,tulya
tulnā,tulayati
tulsī,tulasī
tuvar,tubarī
tus,tuśa
tūṁbā,tumba
tūṁbī,tumbikā
tū,tuvam
tūnā,trupati
tūfān,ṭūfān
tūmnā,tumbati
tūl,tūla
tūl,tulya
tūlī,tūlikā
teṁtālīs,trayaścatvāriṁśat
tendū,tainduka
te,ta
tel,taila
telāy,tailatāpaka
telī,tailika
tevṛī,trivr̥tā
tevar,taimir
teh,tejas
tehrā,traidha
tehā,tejas
tairnā,tirate
taisā,tādr̥śa
to,tatas
to-,tava
toṛnā,troṭayati
toy,tava
tolnā,tolayati
tolā,tolaka
tauṁs-,tapasyati
taun,ta
thambh,stambha
thaī,str̥ti
than,stana
thar,stara
thal,sthala
thavaī,sthapati
thān,sthāna
thānā,sthānaka
thāpnā,sthāpyate
thām,stambha
thāmnā,stambhate
thāl,sthāla
thālā,sthāla
thāvar,sthāvara
thāh,sthāgha
thir,sthira
thū,thūt
thūnī,sthūṇa
thūvā,stūpa
thok,stabaka
daṇḍ-,daṇḍayati
daṇḍā,daṇḍa
daṁtālī,dantāli
daṁtāvlī,dantāvala
dambh,dambha
daṁvrī,davara
daī,daiviya
dakkhin,dakṣiṇa
dakkhinā,dakṣiṇa
dakhnā,dakṣiṇa
dadrī,dardara
dabbā,darva
damṛā,dramma
damṛī,dramma
dayāl,dayālu
dar,dara
dar,dara
dardarā,darayati
darmā,dāḍimba
darāṁt,dātra
daridrī,daridrita
dal,dala- 
dalnā,dalati
daliyā,dalita
das,daśa
dasnā,dhvasyate
dasī,daśā
dasauṁdh,daśabandha
dah,draha
dahaṛ-dahaṛ,dr̥ḍha
dahan,dahana
dahnā,dahati
dahlā,dehalī
dahī,dadhi
daheṁṛī,dadhibhāṇḍa
dāṁṛ,daṇḍ
dāṁṛnā,daṇḍayati
dāṁṛī,daṇḍika
dāṁṛī,daṇḍikā
dāṁt,danta
dāṁtā,dantaka
dāṁtī,dantin
dāṁv,dātu
dā,dātra
dākh,drākṣā
dāṛimb,dāḍimba
dāṛim,dāḍimba
dāt,dātra
dātun,dantapavana
dād,dadru
dādur,dardura
dān,dāna
dānā,dānava
dāp,darpa
dābh,darbha
dām,dramma
dām,dāman
dāmā,dāman
dāyăj,dāyādya
dāyjā,dāyādya
dār,dāru
dārī,dārikā
dāl,dāla
dāv,dātra
dās,dāsa
dāh,dāha
dāhnā,dāhayati
dāhinā,dākṣiṇa
diggī,dīrghikā
diṛh,dr̥ḍha
din,dina
disnā,dr̥śyate
dīṭh,dr̥ṣṭi
dīpnā,dīpyate
dīyā,dīpaka
dīvaṭ,dīpavarti
dīvālī,dīpāvali
dīs-,dr̥śyate
dukāl,duṣkāla
dukh,duḥkha
dukhnā,duḥkhati
dukhī,duḥkhita
duddhī,dugdhikā
dubdhā,dvidhā
dublā,durbala
dur,dūra
durkhī,dūrakṣya
durdām,durdamya
durāj,-rājya
dulheṭā,durlabha
dussā,dūrśa
duhtā,dauhitra
duhtī,dauhitrī
duhnī,dohanī
duhnī,dohana
dūkhnā,duḥkhayati
dūdh,dugdha
dūdhā,dugdha
dūdhī,dugdhin
dūn,droṇī
dūb,dūrvā
dūbhar,durbhara
dūr,dūra
dūlhā,durlabha
denā,dadāti
devar,devara
deval,devakula
devlī,devakulikā
devā,devatā
deśākh,deśākhya
des,deśa
deh,deha
dehar,dehalī
dehlī,dehalī
daijā,dāyādya
do,dva
donā,droṇa
dobal,daurbalya
dor,davara
dolā,dola
doṣ-,doṣayati
dohrā,dvidhā
dohā,dvidhā
dohiyā,dohin
dau,dava
daunā,damana
daur,davara
dhandhā,dhandha
dhaṁsnā,dhvaṁsati
dhaṛ,dr̥ḍha
dhaṛā,dhaṭaka
dhatūrā,dhattūra
dhan,dhana
dhan,dhanikā
dhaniyā,dhāneyaka
dhanī,dhanikā
dhannāseṭh,dhanya
dhartī,dharitrī
dharan,dharaṇa
dharnā,dharati
dharnā,dharaṇa
dharasnā,dharṣati
dhavni,dhamanī
dhavā,dhava
dhasaknā,dhvasati
dhasnā,dhvasati
dhā-,dhāvati
dhāṛ,dhāṭi
dhān,dhānya
dhāman,dharmaṇa
dhāy,dhātrī
dhār,dhārā
dhār,dhāra
dhārnā,dhārayati
dhārī,dhārā
dhāv-,dhāvati
dhī,duhitr̥
dhīr,dhīra
dhīrā,dhīra
dhuāṁ,dhūma
dhun,dhūni
dhunnā,dhūnoti
dhur,dhur
dhurā,dhur
dhurī,dhur
dhūnā,dhūṇa
dhūnī,dhūpana
dhūrā,dhūla
dhūriyā-belā,dhūli
dhūriyā-mallār,dhūli
dhūl,dhūli
dhoṛ,dhoḍa
dhotā,dhaurtaka
dhorī,dhaureya
dhore,dhaureya
dhauṁ,dhruva
dhau,dhava
dhaur,dhavala
dhaurā,dhavala
dhaul,dhavala
dhaulā,dhavala
dhyāv-,dhiyāyati
naṅg,nagna
naṅgā,nagna
nandoī,nanāndr̥pati
na,na
nakh-,nakṣati
nagarauthā,-musta
nac-,nr̥tyati
naṭnā,nartayati
naṛ,naḍa
nath,nastā
nanad,nanā̆ndr̥
nanhā,ślakṣṇa
nammā,navaka
nay-,namati
nayā,naviya
nar,nara
narkaṭ,naḍa
nal,naḍa
nalā,naḍaka
nav-,namati
navāṁ,navama
navā,nava
navāsī,navāśīti
navve,navati
nas,snasā
nas-,nasyati
nah,nakha
nah-,nahati
nahān,snāna
nahānā,snāti
nāṁgal,lāṅgala
nāṁgh-,laṅghayati
nāṁd-,nandati
nāin,nāpinī
nāī,nāpita
nāū,snāpaka
nākā,nakra
nākū,nakra
nāgal,lāṅgala
nāgā,nagna
nāc,nr̥tya
nācnā,nr̥tyati
nāṭ,nr̥tta
nāṭh,naṣṭa
nāṛ,nāḍī
nāṛā,nāḍī
nāṛī,nāḍikā
nātaru,na
nātī,naptr̥
nāth,nastā
nāpnā,jñāpyate
nām,nāman
nāraṅg,nāraṅga
nāraṅgī,nāraṅga
nār,nāḍī
nāriyal,nārikela
nāl,nāḍī
nālā,nāḍī
nālī,nāḍī
nāv,nāvā
nāv-,nāmayati
nās,nāśa
nāsī,nāsikā
niṁd-,nindati
nikammā,niṣkarman
nikām,niṣḳarma
nikāl,niṣḳāla
nikālnā,niṣkālayati
nikās,niṣkāsa
nikās-,niṣkāsayati
nikāsī,niṣkāsa
nikauṛiyā,niḥ
nigalnā,nigalati
nigurā,nirguru
niclā,niścala
nijhā-,nidhyāyati
niṭhur,niṣṭhura
niḍar,nirdara
nitharnā,nistarati
nithār,nistāra
nithārnā,nistārayati
nidhanī,nirdhana
ninyānve,navanavati
nipāt,niṣpattra
nipūtā,niṣputra
nipeṭau,ni
nibāh,nirvāha
nibāhnā,nirvāhayati
nibhnā,nirvahati
nibhānā,nirvāhayati
nimānā,nirṇāmayati
nimman,nirmala
niyar,nikaṭam
niyār,nigāra
nirakhnā,nirīkṣate
nirā,nīraja
nirīkhnā,nirīkṣate
niruvār-,nir
nirekh-,nirīkṣate
nilajjā,nirlajja
niloh,nirlobha
nivāī,nivāta
nivāyā,nivāta
ni-vār-,nivārayati
nis,niśā
nisār-,niḥsārayati
nisenī,niśrayaṇī
nisoth,niśotrā
nihatthā,nirhasta
nihāī,nighāti
nihānā,nidāna
nihārnā,nibhālayati
nihur-,nipatati
nīṁd,nidrā
nīṁdnā,nidrāyati
nīṁv,nemi
-nī,-nīya
nīk,nikta
nīkā,nikta
nīc,nīca
nīcā,nīca
nīṭhau,aniṣṭa
nīṛ,nīḍa
nībū,nimbū
nīm,nimba
nīrā,nīra
nīrā,nigara
nīl,nīla
nīlā,nīla
neūn,navanī
net,netra
netā,netra
netī,netra
-ner,nagara
nerā,nikaṭa
nevat-,nimantrayate
nevar,nūpura
nevlā,nakula
nevār,nepāla
nevārī,naipālī
neh,sneha
nai,nadi
naicak,nemi
noī,niyoga
non,lavaṇa
nonā,lavaṇa
noniyā,lāvaṇika
nonī,navanīta
nov-,niyojayati
nau,nava
nau-,nava
nautnā,nimantrayate
nautā,nimantraka
nyautnā,nimantrayate
nhāṭh,naṣṭi
paṅkh,pakṣa
paṅkhā,pakṣa
paṅkhī,pakṣin
paṅgā,paṅgu
pañcānve,pañcanavati
pañcāyat,pañca
paṇḍā,paṇḍita
paṇḍu,pāṇḍu
pandrah,pañcadaśa
paṁvāṛā,pravāda
paṁvār,pravāḍa
paṁvār,prapunāḍa
paṁvār-,pravārayati
paṃsārī,prasārin
pakkā,pakva
pakhāno,prakhyāna
pakhārnā,prakṣālayati
pakhāl,prakṣāla
pakhev,prakṣepa
pakhauṛā,pakṣapuṭa
pag,padga
paghā,pragraha
pac-,pañca
pacpan,pañcapañcāśat
pacʾhattar,pañcasaptati
pacānve,pañcanavati
pacās,pañcāśat
pacāsī,pañcāśīti
paccīs,pañcaviṁśati
pachvāṁ,paścima
pachāṁh,paścārdha
pajar-,prajvalati
paṭ,paṭ
paṭ,paṭṭa
paṭ,paṭṭa
paṭvā,paṭṭa
paṭsan,paṭṭa
paṭel,paṭṭakila
paṭṭā,paṭṭa
paṭṭī,paṭṭa
paṭṭī,paṭṭa
paṭṭū,paṭṭa
paṭhā(v)-,prasthāpayati
paṛnā,patati
paṛos,prativeśa
paṛhnā,paṭhati
patlā,pattrala
patiyā-,pratyāyayati
patohū,putravadhū
pattal,pattrala
pattā,pattraka
pattī,pattrikā
patthar,prastara
panhī,upānaḥ
panā,pāna
panālā,praṇālī
panālī,praṇālikā
pannā,parṇa
pannā,upānah
pannī,parṇa
papṛā,parpaṭa
papṛī,parpaṭa
papnī,pakṣman
pamh,pakṣman
payān,prayāṇa
payāl,palāla
par,para
parakh,parīkṣā
parakhnā,parīkṣate
parakhnā,parirakṣati
parchāīṁ,praticchāyā
parnā-,pariṇāpayati
parnī,pariṇīta
parlā,para
parval,paṭola
parasnā,sparśayate
parsoṁ,paraśvas
parā-,palāyate
parāyā,paragata
parāl,palāla
parivā,pratipad
pari-har-,pariharati
parīvā,pratipadā
parekh-,parekṣate
paretā,parivarta
parevā,pārāvata
pareh,praleha
parosnā,pariveśati
parohnā,parivahati
parohā,parivāha
palaṅg,palyaṅka
pal,pala
palaī,pallava
palā,pala
palā-,palāyate
palān,palyāṇa
palān,paryāṇa
palān-,palyāṇayati
palāl,palāla
palāv,palāva
palī,pala
paluh-,pallavayati
palethan,paryasta
palev,plā̆vita
palev,praleha
pallā,palya
pallā,palla
pavī,plava
pas,paśu
pasar,prasr̥ta
pasarnā,prasarati
pasā,prasr̥ta
pasāī,prasātikā
pasāu,prasāda
pasār,prasāra
pasārnā,prasārayati
paseu,prasveda
pahcānnā,pratyabhijānāti
pahr,prahara
paharnā,paridadhāti
pahrā,prahara
pahrānā,paridhāpayati
pahiyā,pradhi
pahelī,prahelikā
pāṁk,paṅka
pāṁc,pañca
pāṁcvāṁ,pañcama
pāṁcā,pañcaka
pāṁjar,pañjara
pāṁṛ,paṇḍa
pāṁḍrā,pāṇḍara
pāṁḍrī,pāṇḍara
pāṁṛe,paṇḍita
pāṇḍey,paṇḍita
pāṁt,paṅkti
pāṁtar,prāntara
pāṁv,pāda
pāṁs,pāṁśu
pāṁsī,pāśa
pāī,pādikā
pākaṛ,parkaṭī
pākh,pakṣa
pākhar,prakṣara
pākhā,pakṣaka
pākhī,pakṣin
pāc-,pacyate
pāch-,pracchyati
pāṭ,paṭṭa
pāṭ,paṭṭa
pāṭan,paṭṭana
pāṭā,paṭṭa
pāṭī,paṭṭa
pāṭaunī,paṭṭana
pāṛ,pāṭa
pāṛnā,pātayati
pāṛā,pāṭaka
pāt,pattra
pātar,pattrala
pātā,pattraka
pātī,pattrikā
pād,parda
pādnā,pardate
pān,parṇa
pānā,prāpayati
pānī,pānīya
pāpaṛ,parpaṭa
pāyătā,pādānta
pāy,pāda
pār,pāra
pār-,pārayati
pārsī,pārasika
pārā,pāra
pāl,pālī
pāl,pākala
pālak,pālaṅkī
pālak,palyaṅka
pālkī,palyaṅka
pālthī,paryastikā
pālnā,pālayati
pālnā,pālana
pālā,prāleya
pālā,palya
pālā,pallava
pālo,pallava
pāv,pāda
pāvas,prāvr̥ṣ(a)
pās,pārśve
pāsnā,prasravati
pāsā,pāśa
pāsī,pāśin
pāhan,pāsāṇa
pāhiṁ,pakṣa
pāhun,prāhuna
pāhunā,prāhuṇa
piñar,piñjara
piñrā,piñjara
piṇḍā,piṇḍaka
piṇḍārā,piṇḍāra
piu,priya
piu,pitā
pichāṛī,paścārdha
pitiyā,pitriya
pinsī,pīnas
pinnā,piṇḍa
piy,pika
piyā,priya
pironā,parivayati
pilaī,plīhan
pilpilā,pilippila
pillū,pīlu
piv-,pibati
pihān,pidhāna
pihānā,pidhāna
pihānī,pidhāna
pīṁḍ,piṇḍa
pī,priya
pīc,picchā
pīṭnā,piṭṭayati
pīṭh,pr̥ṣṭha
pīṭhā,piṣṭa
pīṭhī,piṣṭa
pīṛ,pīḍā
pīṛnā,pīḍayati
pīṛhā,pīṭhaka
pīṛhī,pīṭhikā
pītal,pittala
pīnas,pīnasa
pīnā,pibati
pīnā,piṇyāka
pīpal,pippala
pīpal,pippalī
pīplā,pippalaka
pīlā,pītala
pīlū,pīlu
pīlū,pīlu
pīsnā,piṁśati
puṇḍariyā,puṇḍarin
puā,pūpa
puāl,palāla
puṭṭhā,pr̥ṣṭha
puṛā,puṭa
puṛī,puṭikā
puraʾin,puṭakinī
pursā,puruṣa
purā,pura
purā-,pūrayati
purānā,purāṇa
puhup,puṣpa
pūṁgī,poṅga
pūg-,pūryate
pūch,pr̥cchā
pūchnā,pr̥cchati
pūj-,pūryate
pūjnā,pūjayati
pūṭh,pr̥ṣṭha
pūṭhā,pr̥ṣṭha
pūt,putra
pūnam,pūrṇimā
pūno,pūrṇamās
pūr-,pūrayati
pūrā,pūra
pūrī,pūra
pūlā,pūla
pūlī,pūla
pūs,puṣya
pekh-,prekṣate
peṛnā,prapīḍayati
pelaṛ,pela
pelā,pela
pevas,peyūṣa
paiṁṭh,pratiṣṭhā
paiṁtrā,pā̆dāntara
paiṁtālīs,pañcacatvāriṁśat
paiṁtīs,pañcatriṁsat
paiṁsaṭh,pañcaṣaṣṭi
paij,pratijñā
paiṛī,padaḍa
pairnā,pratarati
pairā,padara
pairī,padara
paisnā,praviśati
poṁgā,poṅga
poṁchan,proñchana
poṁchnā,proñchati
poī,pūtīka
poī,pota
pokhrā,pauśkara
poṭlā,poṭṭala
poṭlī,poṭṭala
poṛhā,pravr̥ddha
pot,pravr̥tti
potā,pautra
potī,pautrī
ponā,pravayati
ponā,pratapati
ponā,pavana
pol,pratolī
pos,pośa
posnā,pośayati
pohā,pr̥thuka
pauṁḍā,pauṇḍra
pau,prabhā
pau,prapā
pauṛhnā,pravardhate
paud,pravr̥ddha
paudhā,pravr̥ddha
paunā,prapavaṇa
paurī,pratolī
paulī,pratolī
pauvā,pāda
pyār,priyakāra
pyārā,priyakāra
pyās,pipāsā
phandā,spāśa
phaguā,phalgu
phaṭphaṭiyā,onom.
phan,phaṇa
phanā,phaṇa
phannī,phaṇa
phal,phala
phal,phala
phalaī,phalakin
phalnā,phalati
-phalā,phala
phalār,phalāhāra
phalī,phalin
phāṁkī,phakkikā
phāṁd,spanda
phāṁd-,spāśayati
phāṁdnā,spandate
phāṁs,sparśa
phāṁs,spāśa
phāṁsnā,spāśayati
phāg,phalgu
phāgun,phā̆lguna
phāṛnā,sphāṭayati
phāyā,sphāta
phāl,phāla
phāl,sphāla
phālsā,parūśaka
fālsā,parūśaka
phālā,phāla
phīṁcnā,pīḍayati
phur,sphuṭa
phur-,sphurati
phūṭ,sphuṭī
phūl,phulla
phūlnā,phullati
phen,phena
phenus,pīyūśa
phoṛnā,sphoṭayati
phoṛā,sphoṭa
baṁgā,vaṅga
bakrā,barkaraka
baklā,valkala
baken,baṣkayinī
bakkal,valkala
bakhān,vyākhyāna
bakhār,vakṣaskāra
bag,baka
bag-,vrajati
baghārnā,vyāghārayati
bacnā,vacyate
baṭrī,varta
baṭloī,vartaloha
baṛ,vaṭa
baṛā,vaḍra
baṛā,vaṭa
baṛī,vaṭikā
baṛhaī,vardhaki
baṛhnā,vardhate
baṛhnī,vardhanī
baṛhānā,vardhāpayati
baṛhiyā,vardhita
batolā,vr̥tta
battī,vartikā
battīs,dvātriṁśat
badnā,vadati
badrā,vārdala
badlī,vārdalikā
badh-,vardhate
badhā-,vardhāpayati
badhā-,vardhāpayati
badhiyā,vadhri
ban,vana
bannā,vanati
banāras,vārāṇasī
banij,vaṇijyā
baniyā,vaṇija
babaī,barbā
babūl,babbūla
bayā,vaya
bayālīs,dvācatvāriṁsat
bayāsī,dvyaśīti
bar,vara
bar,varam
bar,vaṭa
barat,varatrā
barăd,balivarda
baran,varaṇa
barvā,vālūka
baras,varṣa
barasnā,varṣati
barsā,varṣa
barsāt,varṣārātri
barhā,vaṭa
barāt,varayātrā
barārā,varāṭaka
baris,varṣa
barun,varuṇa
barunā,varaṇa
baroṭhā,dvārakoṣṭhaka
barr,varaṭa
barrā,vaṭāraka
barrai,varaṭa
bal,bala
bal,vali
bal,bali
balnā,valati
baluā,vāluka
bavaṇḍar,vātamaṇḍalī
bas,vaśa
basnā,vasati
basnā,vasana
basvārī,vaṁśavāṭikā
basah,vr̥ṣabha
basīṭh,vasiṣṭha
bahn,bhaginī
bahnā,vahati
bahneū,bhaginīpati
bahnoī,bhaginīpati
bahrā,badhira
bahl,vahala
bahī,vahikā
bahut,bahutva
bahuriyā,vadhūṭikā
bahū,vadhū
bahūār,bahuvāra
bāṁk,vaṅka
bāṁkā,vaṅku
bāṁc-,vañcati
bāṁch-,vāṁchati
bāṁjh,vandhya
bāṁṭnā,vaṇṭati
bāṁṛ,baṇḍa
bāṁṛā,baṇḍa
bāṁdā,vandā
bāṁdī,bandī
bāṁdh,bandha
bāṁdhnā,bandhati
bāṁbī,vamriya
bāṁs,vaṁśa
bāṁsā,vaṁśaka
bāṁsī,vaṁśīya
bāṁh,bāhu
bāī,vāta
bāīs,dvāviṁśati
bākal,valkala
bākh,vakṣas
bākhar,vakṣaskāra
bāg,valgā
bāgh,vyāghra
bāchnā,vraścati
bāchā,vatsa
bājnā,vādyate
bājrī,bājjara
bājā,vādya
bājh-,badhyate
bāṭ,vartman
bāṭnā,vartayati
bāṭī,vāṭikā
bāṛ,vāṭa
bāṛā,vāṭa
bāṛī,vāṭikā
bāṛh,vr̥ddhi
bāṛh,vardha
bāṛhnā,vardhayati
bāṛhī,vr̥ddhi
bāt,vārttā
bādal,vārdala
bān,varṇa
bān,bāṇa
bān,vanyā
bānar,vānara
bānve,dvinavati
bānā,vāna
bānā,varṇa
bānā,vāṇa
bānā,vyādadāti
bānī,varṇa
bānī,vāna
bāph,vāṣpa
bābar,barbarī
bābar,barbara
bābrī,barbara
bāmhan,brāhmaṇa
bāmhnī,brāhmaṇī
bāyăb,vāyavya
bāyāṁ,vāmaka
bārambār,vāram vāram
bār,vāra
bār,dvāra
bār,vāri
bār-,vārayate
bārah,dvādaśa
bārī,vāra
bārī,dvāra
bāl,bāla
bāl,bālā
bāl,vāla
bāl,valla
bālam,vallabhatama
bālahā,vallabha
bālā,bāla
bālā,vālaka
bālī,vālaka
bālī,valla
bālū,vālukā
bāv,vāta
bāvan,dvāpañcāśat
bāvnī,vāpana
bāvlā,vātula
bāvī,vāpikā
bās,vāsa
bās,vāsas
bāsaṭh,dvāṣaṣṭi
bāsan,vāsana
bāsnā,vāsayati
bāsā,vāsaka
bāsī,vāsita
bāhnā,vāhayati
bāhā,vāha
bāhī,vāhin
biknā,vikrīyate
bicho-,vikṣobhayati
bichoh,vikṣobha
bichoh-,vikṣobhayati
bijlī,vidyullatā
biṛāl,biḍāla
biṛh-,vivardhate
bittā,vitasti
bithar-,vistarati
bitharnā,vistarati
bithār,vistāra
bithār-,vistārayati
bidārnā,vidārayati
bin,vinā
bintī,vijñapti
binasnā,vinaśyati
bināsnā,vināśayati
binaunā,vinamati
birlā,virala
birvā,viṭapa
biras-,vilasati
birasnā,virahayati
birhā,viraha
birānā,virādhayati
bilaṅgnā,vilaṅghayati
bil,bila
bilakhnā,vilakṣayati
bilakhnā,vilakṣayati
bilam-,vilambate
bilasnā,vilasati
bilāī,biḍālikā
bilār,biḍāla
biloṛnā,viloḍayati
bilonā,vilobhayati
bivāī,vipādikā
bis,viṣa
bisarnā,vismarati
bishar,viṣadhara
bisahrī,viṣadhara
bisāyaṁdh,visragandha
bisārnā,vismārayati
bihpai,br̥haspati
bihar-,viharati
bihar-,vighaṭate
biharnā,viharati
bihā-,vijahāti
bihāī,vidhātr̥
bīṁṛ,vr̥nda
bīar,vivara
bīā,bījaka
bīghā,vigraha
bīchī,vr̥ṣcika
bīj,bīja
bīṭh,viṣṭhā
bīṛ,vīṭaka
bīṛā,vīṭaka
bīṛī,vīṭikā
bīt,vr̥tti
bīdar,vidar
bīn,vīṇā
bīnnā,vicinoti
bīr,vīra
bīr-bahūṭī,vīra-vadhūṭī
bīrā,vīra
bīrau,vīrudha
bīl,bila
bīs,viṁśati
buttā,vr̥tta
buttī,vr̥tti
bur,buri
buhārī,bahukāra
būjhnā,budhyate
būtā,vr̥tta
beṁt,vetra
beṁdhnā,veṣṭayati
bejhā,vedhya
beṭhan,veṣṭana
beṛ,veṣṭa
beṛā,veṣṭa
beṛā,beḍā
beṛī,veṣṭa
beṛh,veṣṭa
beṛhnā,veṣṭayati
beṛhā,veṣṭa
beṇī,veṇi
ben,veṇu
benā,vyajana
benā,vīraṇa
ber,badara
ber,velā
berī,badarikā
bel,bailva
bel,velli
belan,vellana
belnā,vellayati
belī,velli
besan,vesana
besar,vesara
beh,vedha
baiṁgan,vātiṅgaṇa
baiṭhnā,upaviśati
bain,vacana
bainā,upāyana
bair,vaira
bairī,vairin
baisnā,upaviśati
bojh,vahya
bonā,vapati
bol,vola
bohrā,vyavahāraka
bohit,vahitra
bohitth,vahitra
baunā,vāmana
byānā,vijāyate
byāh,vivāha
byāhnā,vivāhayati
bhaṁgrā,bhr̥ṅgarāja
bhaṁṛsāl,bhāṇḍaśālā
bhaṇḍār,bhāṇḍāgāra
bhaṇḍārā,bhāṇḍāgāra
bhaṇḍārī,bhāṇḍāgārika
bhaṁv-,bhramati
bhaṁvar,bhramara
bhaṁvrī,bhramara
bhakh-,bhakṣati
bhaṭṭhī,bhraṣṭra
bhaṭhiyārā,bhr̥ṣṭakāra
bhatār,bhartr̥
bhatījā,bhrātrīya
bhatījī,bhrātrīya
bhaddā,bhadra
bhannā,bhanati
bhansāl,bhāṇḍaśālā
bhanaijī,bhāgineya
bharnā,bharati
bhasnā,bhraśyati
bhāṁg,bhaṅga
bhāṁjnā,bhañjati
bhāṁṛ,bhāṇḍa
bhāṁṛ,bhāṇḍa
bhāṁṛ-,bhaṇḍate
bhāṁṛā,bhāṇḍaka
bhāṁti,bhakti
bhāṁv-,bhrāmayati
bhāṁvar,bhrāmarī
bhāī,bhrātr̥
bhājnā,bhajyate
bhājī,bharjita
bhāṭ,bhaṭṭa
bhāṭh,bhraṣṭa
bhāṭhā,bhraṣṭa
bhāṛ,bhrāṣṭra
bhāt,bhakta
bhāthā,bhastrā
bhādvā,bhādrapada
bhādoṁ,bhādrapada
bhān,bhāna
bhānjā,bhāgineya
bhānā,bhāti
bhā-,bhāpayate
bhār,bhāra
bhārā,bhāraka
bhārā,bhāra
bhārī,bhārika
bhāl,bhallī
bhāl,bhāla
bhālnā,bhālayate
bhālā,bhalla
bhālū,bhallūka
bhāv-,bhāpayate
bhāvaj,bhrāturjāyā
bhāsnā,bhāsati
bhilāvāṁ,bhallāta
bhīkh,bhikṣā
bhīt,bhitti
bhīl,bhilla
bhuṁjnā,bhuñjate
bhuīṁ,bhūmi
bhuṭṭā,bhr̥ṣṭa
bhungā,bhr̥ṅgaka
bhuvaṅg,bhujaṅga
bhuvāl,bhūpāla
bhuvi,bhūmi
bhūṁknā,bhukkati
bhūī,bhūti
bhūkh,bubhukṣā
bhej,bhedya
bheṛ,bheḍra
bheṛā,bheḍra
bheri,bherī̆
bhev,bheda
bhes,veṣa
bhaiṁs,mahiṣī
bhaiṁsā,mahiṣa
bhaihū,bhrātr̥vadhū
bhoī,bhogin
bhoj,bhojya
bhauṁrā,bhramara
bhauṁrālā,bhramara
bhaujāī,bhrāturjāyā
maṅg,maṅga
maṅgal,maṅgala
mañā,mañca
maṁjār,mārjāra
maṁjh,madhya
maṇḍ,maṇḍa
maṇḍ-,maṇḍayati
maṇḍal,maṇḍala
maṇḍlī,maṇḍalikā
maṇḍvā,maṇḍapa
maṇḍā,maṇḍaka
maṁṛuā,maṇḍapa
mandā,manda
makṛā,markaṭa
makṛā,markaṭaka
makṛī,markaṭa
makoṛā,matkoṭaka
makkhan,mrakṣaṇa
makkhā,makṣa
makkhī,makṣikā
mag,mārga
magurī,madgura
macchar,matsara
macchī,matsya
majīṭh,mañjiṣṭhā
majīrā,mañjīra
majj-,majjati
maṛaiyā,mayaṭa
maṛhā,maṭha
maṛhī,maṭhikā
mathnā,mathnāti
mathnī,manthana
mathānī,manthāna
madār,mandāra
madārī,mantrakāra
man,manas
man,maṇa
mansil,manaḥśilā
manihār,maṇikāra
manuā,manu
mannū,manu
mamākhī,madhu
mayaṅk,mr̥ga
maran,maraṇa
marnā,marate
marhaṭā,mahārāṣṭra
marhaṭh,mahārāṣṭra
marāṭhā,mahārāṣṭraka
maruā,maruvaka
mal,mala
mallī,mallikā
mas,śmaśru
masā,maśaka
masān,śmaśāna
masi,maṣi
masūr,masūra
mahaṁ,madhya
mahaṁgā,mahārgha
mahto,mahānt
mahan,mathana
mahnā,mathati
mahāvat,mahāmātra
mahiṁ,madhya
mahi,madhya
mahī,mathita
mahuar,madhukara
mahuā,madhūka
mahūkh,madhūka
māṁ,mātr̥
māṁg,mārga
māṁgnā,mārgati
māṁj,majjan
māṁja-,mārjya
māṁjnā,mārjati
māṁjh,madhya
māṁjhā,madhya
māṁjhā,madhya
māṁṛ,maṇḍa
māṁṛ-,maṇḍayati
māṁṛnā,mardati
māṁṛnī,maṇḍana
māṁṛā,maṇḍa
māṁṛī,maṇḍa
māṁd,manda
māṁs,māṁsa
māṁhiṁ,madhya
mā-,māyate
mā-,māpayati
māī,mātr̥kā
mākṛā,mārkaṭa
mācā,mañca
mācī,mañcikā
māch,matsya
māchī,matsya
māchī,makṣikā
mājh,madhya
māṭī,mr̥ttikā
māṭh,mr̥ṣṭa
māṛ-,maṇḍayati
māthā,mastaka
mādal,mardala
mānak,māṇikya
mānnā,manyate
mānas,mānuṣa
mānik,māṇikya
māmā,māmaka
mārnā,mārayati
mārī,mārikā
māl,mālā
māl,malla
mālvā,mālava
mālī,mālin
māśā,māśaka
māhīṁ,madhya
māhur,mādhurī
miṭṭī,mr̥ttikā
miṭṭhā,mr̥ṣṭa
miṭṭhī,mr̥ṣṭa
milnā,milati
mis,mr̥ṣā
misan,miśraṇa
missā,miśra(ka)
missī,miśrita
mīc,mr̥tyu
mīṭhā,mr̥ṣṭa
mīt,mitra
mītā,mitra
muṇḍā,muṇḍa
muṁh,mukha
muā,mr̥taka
mujh,mahyam
muṭṭhī,muṣṭi
muṛnā,muṭati
muḍḍhā,muḍḍha
mungā,muraṅgī
muftī,muftī
murār,mr̥ṇāla
mulāyămat,mulāʾima
muśāyrā,muśāʿara
mūṁg,mudga
mūṁgā,muraṅgī
mūṁj,muñja
mūṁṛ,muṇḍa
mūṁṛnā,muṇḍayati
mūṁṛī,muṇḍa
mūṁdnā,mudrayati
mūṭh,muṣṭi
mūṭhā,muṣṭi
mūṛh,mūḍha
mūt,mūtra
mūtnā,mūtrayati
mūl,mūla
mūlā,mūla
mūlī,mūlikā
mūs,mūṣa
mūs,mūṣā
mūsnā,mūṣati
mūsal,musala
mūslā,musala
mūslī,musala
mūsā,mūśaka
meṁṛhā,meṇḍhaka
meṁh,megha
meṁh,methī̆
meṛhā,meṇḍhaka
meḍhī,meṭhī
medā,miʿdā
mel-,melayati
melā,melaka
mehnā,methana
mehrā,mahilā
mehrābī,miḥrāb
maiṛā,mayaṭa
main,madana
mainā,madana
mokh,mokṣa
mocī,mocika
moṛnā,moṭati
motī,mauktika
mol,maulya
moh,moha
mohnā,mohayati
mohnī,mohanīya
mauṛ,makuṭa
maur,mukura
maulānā,mukalāyate
maulerā,mātuleya
mausā,mātuḥśvasr̥
mausī,mātuḥśvasr̥
yah,eśa
-yut,yukta
raṁgārā,raṅgakāra
raṅgolī,raṅgāvalī̆
raṇḍī,raṇḍā
rakhnā,rakṣati
rakhvāl,rakṣapāla
rakhiyā,rakṣita
rajnā,rajyate
rajnā,rajyate
ratālū,raktālu
rattī,raktikā
ran,araṇya
ray,rajas
ras,rasa
rasnā,rasati
rasrā,raśmi
rasā,rasaka
rasāl,rasāla
rasiyā,rasika
rasoī,rasavatī
rassā,raśmi
rassī,raśmi
rahaṁṭ,araghaṭṭa
rahas,rabhasa
rāṁg,raṅga
rāṁg,raṅga
rāṁgā,raṅga
rāṁc-,rajyate
rāṁc-,rajyate
rāṁjnā,rañjayati
rāṁṛ,raṇḍā
rāṁṛā,raṇḍa
rāṁdhnā,randhayati
rāṁbhnā,rambhate
rāṁvā,ārāma
rāī,rājikā
rāur,rājakula
rāul,rājakula
rākh,rakṣā
rākhas,rākṣasa
rāc-,rajyate
rāc-,rajyate
rāch,rathya
rāj,rājya
rāṭhaur,rāṣṭrakūṭa
rāṛ,rāṭi
rāṇā,rājana
rāt,rātri
rātā,raktaka
rātī,rātrī
rānā,araṇyaka
rānī,rājñī
rāy,rājan
rāl,lālā
rāv,rājan
rāvat,rājaputra
rāvar,rajakula
rās,raśmi
rās,rāśi
rāso,rāsaka
rāhnā,rādhati
ris,riś
risnā,riśyati
rīch,r̥kṣa
rījhnā,r̥dhyati
rīṭhā,ariṣṭa
rītā,riktaka
rīs,riś
rucnā,rucyate
rujhnā,rudhyate
rusnā,ruśyati
rūṁdnā,rundhati
rūṁdhnā,rundhati
rūkh,vr̥kṣa
rūkhā,rūkṣa
rūjh-,rudhyate
rūp,rūpya
rūpā,rūpya
rūsnā,ruśyati
re,are
ret,retra
retā,retra
reh,rekhā
rain,rajanī
rainī,rajana
roṁthnā,romanthā̆yate
roāṁsā,romaśa
ronā,rodati
rop,ropya
royāṁ,roman
rolnā,loḍayati
ros-,rośati
rohī,rohita
rau,raya
raunā,ravati
raur,rājakula
laṅgūr,lāṅgūlā
laṁghnā,laṅghayati
lambā,lamba
lakhnā,lakṣati
lag,lagna
laggā,lagna
lajānā,lajjāpayati
lajālū,lajjālu
laḍḍū,laḍḍuka
lalā,lala
lalī,lala
lavā,laba
lavāī,navajāta
las-,lasati
lasī,lasīkā
lasun,laśuna
lassī,lasīkā
lah-,labhate
lahaknā,lasati
lahndār,labhana
lahr,laharī̆
lahsun,laśuna
lāṁgal,lāṅgala
lāṁgūl,lāṅgūla
lāṁghan,laṅghana
lāṁghnā,laṅghayati
lāṁc,lañcā
lāī,lāja
lākh,lakṣa
lākh,lākṣā
lākhā,lākṣā
lāg-,lagyati
lāj,lajjā
lāj-,lajjate
lāṭ,laṭṭa
lādnā,lardayati
lānā,lāti
lār,lālā
lāl,lālya
lālac,lālitya
lāv,lāva
lāv-,lāgayati
lāv-,lābha
lāvā,lāja
lāvā,lābaka
lāvā,lāvaka
lāsnā,lāsayati
lāh,lākṣā
lāh,lābha
liṭṭī,liṭṭa
lipaṭnā,lipyate
lisnā,śliśyati
līkh,likṣā
līn,labhate
līnh,labhate
līpnā,lipyate
luṛhnā,luṭhati
lunnā,lunāti
lūnī,navanīta
leṁḍ,leṇḍa
leṁṛī,leṇḍa
lekhā,lekhya
lej,rajju
lejur,rajju
leṭnā,leṭyati
lenā,labhate
lep,lepya
lepnā,lipyate
lev,lepa
levā,lepa
les,śleṣman
lesnā,śleṣayati
lehnā,lehana
loṁhṛā,lauhabhāṇḍa
loī,loga
loī,loka
log,loka
locnā,locyate
loṛhnā,loṭhayati
loṛhā,loṭha
lothā,lottha
lodh,lodhra
lon,lavaṇa
lonā,lavaṇa
loniyā,lavaṇita
lonī,lavaṇa
lonī,navanīta
lobh-,lobhyate
loyan,locana
lol-,loḍayati
lohā,loha
lohār,lohakāra
lohī,lohita
lohū,lohita
lauṁg,lavaṅga
lau,laya
lauā,alābu
lauṛā,lakuṭa
-vāṁ,-ama
-vā,-uka
-vāṛā,pāṭa(ka)
vār-,apāra
-vālā,pāla
vi-choh,vikṣobha
vinas-,vinaśyati
virlā,virala
vi-har-,viharati
vi-has-,vihasati
vairnā,avakirati
vairnā,avakiraṇa
śān,śāna
śām,śamba
śyāl,śr̥gāla
saṁkṛā,saṁkaṭa
saṅkal,śr̥ṅkhalā
saṅkhā,śaṅku
saṅg,saṅga
saṅgī,saṅgin
saṅghār,saṁhāra
saṁcar-,saṁcarati
saṁjonā,saṁyojayati
saṁṛsī,saṁdaṁśikā
saṇḍā,ṣaṇḍa
saṁṛāsā,saṁdaṁśa
saṁṛāsī,saṁdaṁśa
saṁdesā,saṁdeśa
sandhānā,saṁdhāna
sandhānī,saṁdhāna
saṁpārnā,saṁpātayati
saṁpārā,sarpadhāraka
saṁbhālnā,saṁbhārayati
saṁvārnā,saṁvārayati
saṃsā,saṁśaya
saṃ-sār,saṁsāra
saṃsī,saṁdaṁśikā
saṁhār-,saṁhārayati
saknā,śaknoti
sakil-,saṁkirati
sakucnā,saṁkucyate
saṅghār,saṁhārayati
sac,satya
sacān,sañcāna
saccā,satya
sajjī,sarjikā
saṛnā,śaṭati
satvāṁsā,saptamāsya
satʾhattar,saptasaptati
satānā,saṁtāpayati
sattā,saptaka
sattāīs,saptaviṁśati
sattānăve,saptanavati
sattāsī,saptāśīti
sattū,saktu
sathiyā,svastika
sathiyā,śastr̥
san,śaṇa
san,svana
sanāh,saṁnāha
sanī,śaṇa
sapaṛnā,saṁpatati
saparnā,sampatati
saprānā,sampātayati
sab,sarva
samajhnā,saṁbudhyate
samdhin,saṁbandhinī
samdhī,saṁbandhin
samāṁ,samaya
samānā,saṁmāti
samūcā,samuccaya
sameṭnā,saṁveṣṭayati
samonā,saṁvapati
samau,samaya
sar,saras
sar,śara
sarjū,sarayū
sarnā,sarati
sarsaṭh,saptaṣaṣti
sarsarānā,sarasarāyate
sarsoṁ,sarśapa
sarā,śara
sarā,śarāva
sarāv,śarāva
sarāvā,śarāvaka
sarāsan,śarāsana
sarāhnā,ślāghate
sarīkhā,sadr̥kṣa
sal,śalabha
sal,śalya
salag,saṁlagna
salāī,śalākikā
salonā,salavaṇa
savā,sapāda
savāyā,sapāda
sasiar,śaśadhara
sasur,śvaśura
sahjan,śobhāñjana(ka)
sahnā,sahate
sahrī,śaphara
sah-ros,saroṣa
sahas-,sahasra
sahārā,sahakāra
sahijan,śobhāñjana
sāṁk,śaṅkā
sāṁkar,saṁkaṭa
sāṁkrī,śr̥ṅkhalā
sāṁkal,śr̥ṅkhalā
sāṁkhā,śaṅku
sāṁkhau,saṁkṣobha
sāṁgah,saṁgraha
sāṁcā,sañcaka
sāṁjh,saṁdhyā
sāṁṭhī,saṁstha
sāṁṛ,sāṇḍa
sāṁthrī,saṁstara
sāṁdā,saṁdāya
sāṁdh,saṁdhi
sāṁp,sarpa
sāmbar,śambara
sāṁbar,śambala
sāṁbhar,śākambharī
sāṁv,sāman
sāṁvgī,sāmagrya
sāṁvlā,śyāmalaka
sāṁvāṁ,śyāmaka
sāṁs,śvāsa
sāṁsnā,śāśati
sāṁsā,saṁśaya
sāīṁ,svāmin
sāī,sāti
sāū,sādhu
sākā,śākya
sākhī,sākṣin
sāj,sajya
sājan,sajjana
sājhā,sāhāyya
sāṭh,ṣaṣṭi
sāṭhī,ṣaṣtikā
sāṛī,śāṭī
sāṛhe,sārdha
sāt,sapta
sāth,sārtha
sāthrau,srastara
sādh,śraddhā
sādhnā,sādhnoti
sān,śāṇa
sān,sañjñā
sānnā,saṁdadhāti
sābar,śāmbara
sābar,śambara
sābal,sarvalā
sām,śamba
sāmī,śamba
sāyr,sāgara
sār,sāra
sār,śālā
sār,śāli
sārnā,sārayati
sāras,sārasa
sārā,sāra
sāri,sāri
sārī,śārikā
sāro,śāri
sāl,śāla
sāl,śalya
sālnā,śalyayati
sālā,syālaka
sālī,syāla
sāvant,sāmanta
sāvan,śrāvaṇa
sāvar,śambara
sās,śvaśrū
sāsrā,śvāśura
sāh,sādhu
sāhī,śvāvidh
sāhū,sādhu
siṅgraur,śr̥ṅgaverapura
siṅgā,śr̥ṅga
siṅgār,śr̥ṅgāra
siṁghāṛā,śr̥ṅgāṭaka
sindūr,sindūra
sindūrā,sindūra
sikṛī,śr̥ṅkhala
siklī,śr̥ṅkhala
siṭṭī,sr̥ṣṭi
simsimānā,simasimāyate
siy,sītā
siyār,sr̥gāla
siyālā,śītakāla
sir,śiras
sirā,śiras
sil,śilā
silā,śila
silānā,śītalayati
silauṭ,śilāpaṭṭa
sivaīṁ,śamitā
sivānā,sīmānam
sivār,śīpāla
sivaiyāṁ,śamitā
sihūṛ,sehuṇḍa
sīṁkau,śikya
sīṁg,śr̥ṅga
sīṁgā,śr̥ṅga
sīṁgī,śr̥ṅga
sīṁcnā,siñcati
sīkar,śr̥ṅkhalā
sīkh,śikṣā
sīkhnā,śikṣate
sījnā,svidyati
sījh-,sidhyati
sījhnā,sidhyati
sīṭhā,śiṣṭa
sīth,siktha
sīdh,siddhi
sīdhā,siddha
sīnā,sīvayati
sīr,sīra
sīrau,śītala
sīl,śītala
sīlnā,śītalayati
sīlā,śītala
sīvan,sīvana
sīs,śīrṣa
sīsā,sīsaka
sīh,siṃha
su-,su
suā,śūka
suār,sūpakāra
suṭhi,suṣṭhita
sutār,sūtradhāra
suthrā,susthira
sunnā,śr̥ṇoti
sunār,suvarṇakāra
sunn,śūnya
sunnā,śūnya
suraṅg,suraṅgā
sur,svara
suruṅg,suruṅgā
suvā,śuka
susrā,śvaśura
suhāg,saubhāgyā
suhāgā,saubhāgya
suhānā,śubhāna
suhānā,śubhāyate
sūṁṛ,śuṇḍā
sūṁṛī,śuṇḍin
sūar,sūkara
sūā,śūka
sūī,śūcī
sūk,śukra
sūkā,sūkṣma
sūkhā,śuṣkaka
sūjnā,śūyate
sūjhnā,śudhyati
sūṛī,śuṇḍin
sūt,sūtra
sūtā,sūtra
sūtī,śukti
sūdhā,śuddha
sūdhau,śuddha
sūnā,śūnya
sūp,śūrpa
sūpābenā,śūrpa
sūr,śūra
sūr,sūra
sūran,śūraṇa
sūrā,sūra
sūl,śūla
sūl-,śūlate
sūlī,śūlikā
seṁdūr,saindūra
seṁdh,saṁdhi
seṁdhā,saindhava
se,sahita
sej,śayyā
seṭh,śreṣṭha
sen,śyena
senā,sainya
senā,sevate
senānī,sainānīka
senī,śreṇi
sem,śaimbya
sel-,śaila
sevṛā,śākhoṭaka
sevṛā,śvetapaṭa
sevār,śevāla
sevāl,śevāla
ses,śeśa
seh,sedhā
sehrā,śekhara
sehī,sedhā
sehuṁṛ,sehuṇḍa
saiṁtālīs,saptacatvāriṁśat
saiṁtīs,saptatriṁśat
sai,śata
sain,saṁjñā
sainī,śayan
sainī,śreṇī
sailā,śalya
soṁ,sama
sondhī,sugandhi
so,sa
soā,śatatama
socnā,śocyate
sojhā,śodhya
sonā,suvarṇa
sonā,svapati
soraṭh,saurāṣṭra
sorṭhā,saurāṣṭra
solah,śoḍaśa
soh,śobhā
sohan,śobhana
sohan,śodhana
sohnā,śobhate
sohnā,śodhayati
sohnī,śodhanī
sohrā,śobhā
sauṁ,sama
sauṁdh,sugandha
sauṁpnā,samarpayati
sauṁph,śatapuśpa
sauṁrā,śyāmala
sauṁh,śapatha
sauṁh,saṁmukha
sau,śata
saut,sapatnī
saun,śakuna
saur,śakula
saurī,śakula
sauhrā,śvaśura
syārī,śr̥gālikā
haṁkār,hakkāra
haṁkārā,hakkāra
haṁsnā,hasati
haṁsiyā,aṁs
haṁsī,hasita
hagnā,haḍati
haṭṭā,haṭṭa
haṭṭī,haṭṭā
haṛ,harītaka
haḍḍā,haḍḍa
hatthā,hastaka
hannā,hanati
hanū,hanūmant
ham,asmade
hameṁ,asmad
hamev,ahaṁ
hayo,hata
harnā,harati
harnā,hariṇaka
harā,harita
harin,hariṇa
harinā,hariṇaka
hariyāl,haritāla
hariyālā,haritāla
haris,halīśā
harevā,harita
hal,hala
hāṁk,hakka
hāṁknā,hakkayati
hāṁs,haṁsa
hā,hā
hāū,hāhābhūta
hāṭ,haṭṭa
hāṛ,haḍḍa
hāth,hasta
hāthā,hastaka
hāthī,hastin
hāy,hāyi
hār,hāri
hār,hāra
hār,hāla
hārnā,hārayati
-hārā,dhāra
hālī,hālika
hiṇḍolā,hiṇḍolaka
hiṁdornā,hindolayati
hinautī,hīnavr̥tti
hiyā,hr̥daya
hiran,hariṇa
hirnā,hariṇaka
hirnī,hariṇī
hilsā,illiśa
hilornā,hillolayati
hīṁg,hiṅgu
hīṁsnā,heṣati
hī,hi
hīk,hikkā
hīn,hīna
hīr,hīra
hīrā,hīraka
huṁkārā,huṁkāra
huṇḍī,huṇḍikā
hun-,hunati
hulasnā,ullasati
hūṁ,hū̆ṁ
hūṁṭhā,ardhacaturtha
he,he
helnā,abhitarate
helnā,helate
hevaṁ,haima
haiṁ,ākṣeti
hai,ākṣeti
ho,ho
hoi,bhavati
hoṛī,hoḍa
honā,bhavati
holā,holaka
holā,hoḍa
holī,holā
hauṁ,aham
hauā,hāhābhūta
haur,apara